A,B,C,X,Y,Z
0.910254522,1.106865047,124.6358274,9,-0.782892658,0.998381616
1.054036937,2.104930768,214.5555103,19,-0.101044366,1.207539087
0.686462065,3.361089418,170.2347845,14,1.974103088,1.426837894
0.446629097,3.486893124,148.7844372,11,0.082615448,1.447213709
0.230336112,1.40296502,133.7312192,10,1.372924129,1.065619354
0.478342643,1.870126933,195.7427717,17,0.893258194,1.162197853
1.362107121,5.60866968,138.0192078,10,0.460672225,0.712354797
1.183647138,0.763962603,135.1170514,10,0.956685285,1.306122227
0.328328847,4.001837826,134.0041796,10,-0.331040059,0.911421026
0.75017212,5.857988793,149.016852,11,-0.509500043,1.528403559
1.785595655,10.99187519,117.0827815,8,1.873688217,1.798960698
0.236251282,0.732044492,142.4588571,13,0.42963246,2.449291579
1.17936949,4.094269623,162.2908483,15,-0.105286405,0.902633655
1.636071921,8.011773079,137.4793342,19,1.432559233,1.542635754
0.592939062,4.311665925,116.2131645,8,-0.258592985,2.084553348
0.542535426,1.970845586,112.3353911,13,-1.670921609,1.575740755
0.323366599,0.926496371,165.8468714,17,-0.316820914,0.646577557
1.509829981,2.53763889,200.0882656,14,-1.300349353,1.123918555
0.726341168,0.603005504,168.0965304,5,0.472502564,0.941295383
0.611071627,1.953491308,91.52795385,10,-0.513777691,1.103226609
1.704984659,3.220706781,122.7483023,11,-1.110154988,1.411434594
0.024762525,0.267653017,139.8808073,9,-0.558588615,1.286909989
2.968490492,5.360704429,119.7166219,12,0.130645988,0.86546724
0.701383616,2.125804591,108.5111517,11,1.185878123,1.178505059
1.488148543,2.968254399,123.701583,8,1.085070851,1.403821034
0.739114129,4.027086786,156.6843359,10,1.690447098,0.749106396
0.421887947,1.8891069,147.5851315,7,-0.133922447,1.729228215
0.382221613,1.569113471,112.9455598,6,1.98565312,1.211485071
0.199606388,0.537144864,164.7317407,15,-1.144321429,1.361625067
1.21106772,7.67616274,93.19160743,11,-1.140949766,1.532300878
1.854915671,4.521649412,156.1398201,12,-1.287103098,0.719025735
0.282260661,13.79883996,101.9493834,13,-0.966806012,0.793060081
0.590282781,1.689585182,159.2155948,6,1.222143253,0.962784318
0.734283313,5.041387464,123.9271455,7,-1.340654851,1.412515017
1.044511561,1.266932299,109.4107155,8,1.909633037,1.493492919
2.71681436,0.503826349,115.7635548,12,-1.857100913,2.041522492
0.324012614,2.620640103,141.7047567,13,1.302020886,1.607254983
0.478165296,1.2209028,168.5063421,17,-1.835416483,2.77169586
0.205214255,5.873393924,106.197095,14,-1.787696717,1.125999968
1.617885934,1.869632878,133.9649512,21,0.053964159,1.683498987
0.33752251,8.067348229,133.1451244,10,-0.869493956,1.035441711
2.062929559,4.072372884,156.7614878,12,-0.265729712,0.83470728
0.597962332,1.156314559,162.462363,7,-0.006340103,1.301609743
0.045315593,0.729521428,197.5461311,11,-1.952469344,1.024968989
2.450783083,0.476967824,170.2162344,7,-1.002061673,1.801094162
0.657995152,1.745301171,237.600482,6,-1.244922495,1.16210048
1.055504972,0.686418059,135.1475596,8,-1.412221908,2.09163411
1.425664343,2.331423639,150.0126664,10,-0.352555503,1.539272901
2.75500611,8.425569903,104.6398107,16,-0.826126709,1.010028044
1.374281138,1.455216104,172.3281299,8,-0.954033052,0.901932771
0.771816274,3.662044242,110.1145717,9,0.843775894,0.825969221
1.331668742,2.963654989,155.8109211,9,0.764443226,1.137306992
1.502495764,0.540295344,95.27523487,12,0.399212777,0.889809649
0.545989336,1.291013358,153.2408957,7,-0.48207946,1.249692244
0.528339603,5.003403384,182.8207618,10,-1.265689345,2.136982476
0.031261585,3.143432083,138.0115435,8,0.564521323,1.07692961
0.04087692,5.244795787,188.1506804,19,1.180565562,1.475212
2.316198251,5.055323185,114.5653776,13,-0.03732342,1.360846086
0.234042244,1.175544376,171.2652971,6,-1.762612422,0.846277292
1.662943305,4.78192184,130.8154822,8,-1.414631916,1.040865717
1.545908157,2.779829542,116.2372539,12,0.818837616,1.678005619
0.401827727,0.936570727,182.6497602,7,-0.648635619,1.391018592
0.227712648,5.944188598,135.372348,9,-1.590656796,1.712720094
2.167500058,2.823257109,136.0494613,12,0.648025229,1.685511463
1.016830031,10.16257749,113.4556423,9,0.956330593,1.014507551
0.341049918,1.432923103,191.4035375,8,1.594925615,1.645733604
1.413791554,3.667792997,144.7808811,14,-0.81575365,1.329390243
0.800134047,2.017941822,203.1504195,9,0.098783649,0.956704661
0.137429531,1.703215254,131.1799667,11,-1.384204214,1.81087892
0.956644691,2.910445998,120.2353955,9,0.675045021,1.336879637
1.212127154,1.864058378,125.0343922,10,-1.161682401,2.350522215
0.798007031,4.207506855,133.9519049,7,1.195924664,1.072122037
1.846120255,1.691856323,127.0232281,16,0.090631185,0.748497068
1.610951478,0.753085743,128.2060582,5,-1.657164615,1.563283006
1.003411555,1.658918005,150.3972002,9,1.315990304,1.141702889
0.630396533,0.173546062,125.3947761,11,-0.637642208,1.161001193
1.89132671,3.957746156,115.3207836,12,-1.480315009,1.559942424
2.016253563,0.361308717,146.5859337,13,-1.581108858,1.126463374
0.390455654,2.257778771,203.6486682,10,-0.318866042,0.908442743
0.556359992,3.864552204,166.9572706,8,-0.921330906,1.119721257
0.06455595,0.632140844,172.7763942,9,-0.361478439,0.706135173
0.713169717,1.426290193,150.736788,9,-1.062541598,1.521580148
0.520001717,8.37028397,121.0588274,9,0.84728924,0.785782517
0.928912242,4.587436731,159.6101552,8,-1.329427252,1.236141526
0.336152095,0.889000245,190.3504506,10,1.091978673,1.50708267
1.373601128,2.427337683,94.14197284,16,1.056679206,0.874111979
1.733538354,2.572896837,157.7700482,12,1.889829805,1.070686505
1.023817463,1.051262177,102.7974534,13,-0.591239613,2.548772237
2.756215365,0.791874803,101.889634,7,1.372330171,1.685265905
1.081592065,2.193115586,103.3971732,11,-1.819596268,1.512981807
1.705769036,0.939048398,158.6878781,13,1.997718938,1.887551058
0.271088115,1.159163753,139.6621697,8,-1.129376797,1.213044073
0.217083701,8.608515008,153.3919203,9,-0.256991402,1.617040066
2.029144049,1.19302757,133.8197493,13,-1.764108283,0.944567002
0.406795486,0.242686488,152.3795744,11,0.522871939,1.267131224
0.222061192,1.716284262,137.9249953,8,1.520281409,1.293172996
0.22919421,1.917303913,130.0025015,2,-1.522943162,0.985054341
1.232154664,1.257236879,128.0619359,9,-0.633729078,0.918990102
0.748741268,0.695314683,124.9654895,7,1.437579264,1.224122357
1.521649275,1.501569063,116.8178535,11,0.468084487,0.957330391
0.486676739,3.244411284,88.62811636,14,-1.361675528,1.010693463
0.448210164,6.655016817,116.0234389,8,-1.420193102,2.836554083
2.090348782,1.816539854,97.67435744,11,0.803655455,0.903762406
0.074493911,1.397456554,155.982746,11,0.455425296,1.507058678
0.104876194,3.038883024,128.0689768,9,-1.727985371,0.707206509
2.711134137,0.283520633,131.4694026,7,-0.67631715,1.46397818
0.254033546,2.961324642,143.7495238,6,0.682099837,1.405153287
2.087243434,1.258862471,163.4038007,8,-1.079711598,1.018556999
0.755118466,2.83649137,113.7320844,9,1.693046961,0.738447011
0.997208386,1.341046544,105.219049,9,-1.841319744,1.131434134
1.366715955,2.240542376,135.6239365,13,-0.10569319,1.171455989
0.83668875,3.471348091,89.64713917,14,-1.382602315,1.033247412
0.949246216,1.807885029,100.3224607,8,1.783022346,0.892335611
0.632339532,1.940965993,123.2336779,8,1.912567615,1.086843078
1.074502686,3.308717912,65.30655553,13,-1.206924389,1.407729049
0.788833656,0.383587105,175.375678,12,1.213679289,1.907449162
1.416385159,0.395938799,163.8111452,13,1.405340344,1.151584448
0.840151085,2.528301852,188.2230441,12,-0.73650249,1.064418326
2.345741095,1.555406709,141.9784391,9,-0.481020027,1.373539824
0.415331396,2.964066431,170.8701608,10,-0.89514015,0.7556616
0.405799017,4.510194458,120.0025054,5,-1.143385382,1.360451261
0.584039022,1.960542141,129.5975626,9,0.653554144,1.033615747
1.074848713,0.697388501,126.9250107,10,1.689749296,1.339154668
1.386983672,1.468809611,81.58988363,5,-1.387671442,1.052019986
1.245426561,12.97839769,114.8627526,6,-0.245182768,1.23294903
0.059172131,1.627883536,117.7541342,8,1.984731481,1.444708319
0.099463881,1.788508019,97.54650697,13,-0.209532503,1.149860281
1.43399133,1.691910382,174.0545718,6,1.260793067,1.176070267
1.911290621,6.07810945,144.8936277,10,-1.247483825,1.418286598
3.174253292,3.430575934,125.678165,11,-1.185020399,0.793894131
2.341371109,4.375979213,124.1400445,11,1.826740886,0.798307431
3.264803663,0.130829061,112.5362116,12,1.975528859,1.285246699
0.003977597,1.261574941,74.98549452,6,0.253233745,1.098222696
2.567229872,3.765694706,127.3897782,12,1.112719985,1.360915786
1.390724323,0.986047927,177.0456894,9,1.929419819,1.605546986
0.237563777,2.036798115,154.6322569,20,-1.627461803,1.17987334
0.210587188,7.343686879,116.7464784,10,-0.462485895,0.892922603
1.782860698,3.678819846,163.4021424,8,0.343834975,1.079848278
0.364796692,1.46478713,97.78249667,10,-0.979977463,2.679146738
0.032294758,0.094070626,194.58592,16,1.040003435,1.113326104
0.17503298,2.632276767,187.9362459,13,-0.764234939,1.145989788
0.104864892,0.096039707,144.544767,12,0.672304191,1.126474402
1.150708594,2.223290709,145.5670871,7,-0.319546052,0.597794285
0.161125072,5.961278867,100.9006143,7,-1.326378004,1.248900846
1.019063007,0.962340756,172.4612791,11,-0.669329718,1.438120682
0.211634879,5.261866773,127.6727392,10,-1.580806544,1.585439528
4.114832585,0.962281673,138.7464641,9,-0.611555115,0.683262758
0.857797454,3.04105009,90.17461312,9,-1.340262663,1.034229971
1.994623339,2.221216814,122.6080002,11,0.54217623,1.491589065
1.818714773,0.687510364,115.3774848,7,1.510627975,0.969085119
1.440718324,3.909678655,117.0986309,12,-0.747257683,1.194566886
0.075155444,1.885777164,128.6839118,10,0.776198323,1.998412796
0.183330617,2.756913386,156.4195022,5,-1.178575156,1.477872007
2.266985649,3.242651335,189.4487564,10,1.569134098,1.613922617
0.959309648,1.704441233,137.1819179,9,0.347527323,0.934046182
1.387701655,5.620514812,145.4426808,9,1.52378018,1.978379828
0.88722266,9.663436173,142.4183322,10,1.932261059,1.115949443
3.551560065,1.217192277,153.959377,8,-0.718533678,1.534906956
4.392555668,2.442812546,102.5906428,9,1.26224256,2.189214665
0.139454864,0.337488156,135.6922815,9,0.394592104,0.870865954
1.538187268,1.646390845,119.3961766,5,1.450814052,0.660722982
0.564651153,1.816699128,123.8240823,6,-0.677370597,1.30365852
0.51471077,0.740279293,151.4540724,9,0.559153127,0.662021489
2.354267442,2.935236646,129.1312912,6,-0.460992517,1.229745542
0.431310203,8.168682844,131.7504705,9,-0.944405912,1.81323623
0.521092664,1.860600583,114.959589,7,-1.432322543,0.963182794
0.411612076,3.542893042,164.1350643,17,0.973353477,1.6247524
0.120412563,5.652906373,126.0465386,13,1.704739368,1.209672476
0.990914017,2.26522844,139.1078572,14,1.813441778,1.254805838
0.147217681,0.522371915,120.9553657,8,0.586522322,0.537678086
1.362075498,0.317191055,77.3374945,16,-1.74727319,0.706267774
2.619185423,1.083835609,148.7157448,10,1.975740222,2.163919308
3.078582152,1.044844775,106.6962514,7,0.892747358,1.125132772
1.055426162,0.581934754,141.4434997,18,-0.482494336,1.380752658
1.968416447,0.567361209,176.4130787,8,-1.570112017,1.198540329
0.726676212,0.645995009,152.6693195,5,0.209752387,1.352532678
1.050469519,3.241557133,153.0432719,11,-1.592076851,0.963168017
0.817336129,0.55275287,170.1018869,5,0.508067092,1.373904014
2.222156524,8.480753309,139.4051837,11,-1.555141669,1.229359883
1.630983215,1.777786659,146.3923936,15,-1.954976993,0.890120464
0.47034158,1.17114216,155.1394104,8,0.933338014,1.514115556
0.415838854,4.405496826,131.4184529,14,-0.938028715,1.165277826
2.518334877,8.723816661,88.73304809,11,-0.0179696,1.32542315
1.089614959,5.392298847,149.9116272,11,0.014283336,1.407439202
1.178667105,3.135494829,165.0077018,4,0.689379487,1.129027318
0.064248736,0.226275751,136.7390028,6,-0.245329628,1.765874133
0.073614085,0.502414388,97.96701164,18,-0.326431226,2.290146632
0.170587845,3.352388059,160.3040289,10,-0.191092453,1.024118576
1.051970738,4.554466214,86.27914722,7,0.640277524,1.269923517
0.872648697,3.912508129,126.1887932,11,-1.171653156,0.776875959
3.391417995,1.514870053,130.5151997,12,-0.110286341,1.117144892
0.297392083,0.915402178,93.96396259,8,0.272170573,1.151616151
2.327981629,8.326225272,146.448323,12,-0.522108764,0.904914722
1.259803769,0.753147812,152.1139385,11,1.264679064,1.356024509
0.09302685,2.759661433,127.6532779,8,-0.618644495,2.104513191
2.001885144,0.370531554,103.5171894,13,-0.255045933,1.160318755
0.47450613,3.4916536,140.9085248,10,-0.767469373,1.456211058
0.578892966,0.98035057,147.1863729,14,-1.447814384,1.770409558
0.915595031,1.130106206,140.5494559,12,-1.120645373,1.237518842
0.875287221,1.966871484,194.9723288,8,1.101994843,0.840631523
3.641102901,4.2152808,161.3749084,14,-1.82635262,0.769077501
1.430151014,0.180415343,78.9744039,9,-0.28335066,0.992892494
0.228585231,2.271455255,67.76372459,6,-1.151672782,0.983499569
0.379411017,4.807205949,118.6893537,10,1.76766149,0.859112032
1.4540751,0.510032535,91.41282249,15,-1.683425112,0.854662908
1.632415838,10.40344244,98.53039114,7,0.830662792,0.878167434
0.038376724,5.673714163,193.7668448,7,0.811598034,1.407258973
0.196398898,5.569997449,134.3420732,8,1.168078044,0.850157253
0.281846998,1.971224678,106.1775344,4,-0.618298467,0.645131629
1.175473603,2.064164914,125.6015049,8,-1.499655345,1.769652656
0.336274783,5.159688468,96.87824885,10,-0.44772062,1.023306085
1.025838281,7.707397404,108.5179458,12,0.118344261,1.085598452
0.684330281,3.668383009,93.01257574,5,0.198927763,1.390120416
0.088850852,3.999427905,181.5463192,11,-1.042844488,1.143842039
0.788786607,1.486155046,117.0338091,7,1.129367393,1.013484453
0.386193212,2.492067287,157.8861656,7,-1.724751279,1.589876957
0.030314711,1.275536634,143.2607562,9,-1.23750187,0.541492404
1.382953648,3.141853629,183.5871708,11,-1.824791929,1.514754784
0.595487975,7.614380873,121.6198674,8,-1.507385151,1.283429596
0.908461574,3.379176145,138.0449463,20,-0.488462049,1.107242863
0.749009399,1.822674149,147.9712934,9,-0.231950055,0.749642047
0.875711871,1.452225336,139.6819265,15,1.156334727,1.733710591
2.946064636,0.311131681,149.9961935,16,-1.813473132,1.389698069
0.703852069,5.675820152,116.2084361,12,0.007955194,0.731183136
0.983643389,0.223668128,104.2425233,10,-1.628052917,0.834252674
0.125038899,1.436794862,160.8185395,9,-1.009124772,1.425419987
1.196909299,2.201699917,104.2049516,11,-0.847509221,0.602732939
0.464333983,3.885081677,97.68774637,14,0.756104031,1.825560483
2.819939598,2.560144819,152.2434727,4,-1.974435663,1.090809188
0.257053696,0.725744384,171.3436234,13,0.475127554,1.882131286
1.054474912,0.967382746,151.803195,11,1.523354365,0.860873971
0.98940751,1.867523881,154.4809109,10,-0.784747631,1.514555713
2.434388203,2.284730266,140.8576805,3,1.14526543,1.089667685
0.795916261,3.556434215,152.4325746,12,-1.301716832,0.951332935
0.189317592,2.28354744,121.6185897,7,1.784081955,2.124455874
1.452955842,2.0923366,163.060037,6,1.080917113,0.908459786
0.014612597,1.50626763,130.5591562,7,0.105161511,1.325899428
0.314738092,0.885725225,151.1210983,12,0.064589516,0.789165017
0.383440182,2.674981246,82.07376461,5,1.393045668,1.632467999
0.014532793,2.243537319,163.8893413,15,1.033107745,0.967671555
4.185803819,2.365974079,138.2614701,10,-0.989923149,1.003878712
0.858630557,0.192414893,167.8195312,14,0.209729783,1.181100188
3.45777481,2.623003836,154.9041089,11,-0.542438586,1.561125479
1.444128265,2.896015308,118.7318457,13,0.322250145,0.709569803
0.240228925,3.02781349,117.1663141,13,-0.674084174,0.76961326
1.424561724,1.194102133,180.5829342,10,0.423269759,1.249160631
0.601296938,2.088157856,211.8870165,7,-1.896931457,0.781934871
0.955673282,3.28692833,126.8075432,9,-0.835349726,1.449914057
0.052196316,11.01927776,131.3639498,9,-1.195835511,1.473412094
0.733797037,4.095390251,181.108699,14,-1.283789794,0.895514375
1.427311794,5.062941242,111.1393613,12,-1.083254334,1.500281285
0.033004289,7.58436919,134.4380705,7,0.051416433,1.51483981
0.187182265,10.04367542,94.13648896,14,-1.685931277,1.542319172
0.887335626,1.875772146,117.5200024,9,0.150310887,1.482735522
0.700245423,2.467216942,116.5034619,14,1.487377054,1.649439025
1.785881929,5.792652176,167.075504,13,-0.94203931,0.836699416
0.829277798,6.312202184,116.5050934,10,0.259153559,0.721824343
1.467147978,2.089112512,137.6374893,12,-1.703113973,0.825906828
0.136788538,2.802967399,239.2711535,12,-0.733837533,1.963177194
0.51228727,2.097636881,159.8574197,9,-1.499296353,1.215056778
3.865867769,1.130941542,180.8723524,16,-0.805924521,1.113804424
2.134345423,3.50772239,143.8546098,7,-1.885242927,1.181943214
0.076197201,2.323903019,110.6638133,13,-1.280099213,1.199794676
0.316811308,0.557644454,124.253634,13,-1.504727625,1.700533457
0.301409487,1.688755037,178.7559272,8,-1.939553179,1.897606645
1.661989476,3.911207924,124.16904,13,-0.625398879,0.965677855
0.370689131,3.542460669,143.8281296,13,-0.651526882,2.116709047
1.969841335,0.885733604,117.1387467,13,1.303039717,0.839665961
0.022807895,2.505973923,112.3648352,12,1.566232026,1.150820625
0.308705928,2.252185066,148.2504894,14,-1.195236637,0.775641026
0.773278537,0.553033585,190.5730645,7,0.748534665,1.435939186
1.806911061,0.808552116,114.0997216,6,-1.137020852,1.720597747
0.557909506,1.172976233,125.0175163,7,-1.123459424,1.701398315
0.358921519,1.501513659,130.8781834,16,1.703148684,1.476217534
1.199133987,1.037095544,182.9479859,11,1.129302305,1.528031192
0.085772789,2.292162414,91.37528659,10,1.029421541,1.083558671
0.289141458,5.295256268,120.6748326,11,-1.681293525,1.511779798
2.018364854,1.18417902,142.2565049,11,0.862620406,1.037383989
3.773335299,0.902200457,86.38539154,11,1.862338966,1.390756067
2.703983003,3.383618387,131.8873622,15,1.007111208,2.03354883
0.988768041,4.784123622,123.4422573,19,1.779858341,1.429781556
0.272275393,8.619076597,149.9085599,12,0.823224152,1.152804783
0.38067246,3.475972747,99.96368627,13,0.240825126,1.076286165
0.415364119,1.349248824,125.9135698,10,-0.702233164,0.766709146
1.541068472,2.779490249,194.0252519,10,0.294435361,1.773613573
0.678814408,2.405930287,121.0156121,11,-0.331071682,0.730008344
0.260388057,9.221197266,29.98839867,7,-1.61506403,1.072958893
2.425943332,4.293654362,163.9334167,13,-1.76156436,1.225724664
1.013385644,2.449028953,147.3246275,9,1.441532839,1.510285188
0.961203667,2.743599045,133.6413587,11,-0.234179185,1.290911035
0.08270112,4.575540271,69.08936359,11,-0.637721019,0.900881786
0.04944957,4.577424991,157.2202391,12,-1.208938957,0.964442607
0.736925692,4.540103795,178.5197337,9,-0.066659093,1.161684719
0.850372497,3.706979171,155.1258324,13,1.660972786,1.24111732
1.408567266,2.228742068,100.1815845,9,-1.806511328,1.458380144
0.327636133,3.587576156,169.4743418,10,-0.642677662,1.240899355
1.71111394,0.898505862,117.9361633,11,-0.875811052,1.205151949
1.184089931,5.418859959,157.6807473,8,-1.55091449,1.087841874
0.491973668,0.564326129,86.82003202,10,-1.176423213,0.943722457
3.026223384,1.688647428,142.2544983,11,-0.447598444,1.311152311
0.368256532,10.42792241,152.3019739,12,-1.109525159,1.233504331
0.799607639,2.501806277,166.7013897,6,-0.421128691,1.256000822
1.69884314,6.285448616,187.8880709,15,-0.587954416,0.71543541
1.335585975,1.90472161,112.5260517,6,0.94068316,1.302026144
0.892481991,1.017069225,128.5786415,9,0.831677708,1.349345732
2.536762541,2.35355263,184.0516705,12,-1.555934286,1.371678244
0.888564181,2.159932169,117.317064,7,1.801414407,1.018805179
1.305372843,0.099658475,120.5921658,11,0.532756954,1.45774047
0.101537884,0.274229106,130.9298565,8,-0.149680116,1.414716466
0.851724412,4.092885333,125.9956288,8,0.777446022,0.65082359
1.510007464,1.790202392,169.9375165,10,0.287928393,0.740065475
2.100907227,0.844491692,150.4797175,15,-0.514480076,1.394563418
0.216696304,3.384835115,105.8255067,11,0.128497473,0.83127599
1.785928901,3.620325821,164.3048176,11,1.934573529,1.015759285
0.134452917,3.83398963,119.5871366,10,0.716584726,1.475669978
0.214004432,4.712865571,135.4202135,10,-0.246283904,1.419672836
1.215310695,6.091440493,173.4291216,13,-1.575189298,1.99366935
1.757652419,9.996690707,122.0075115,12,1.9392836,1.542807714
0.036409444,5.719807481,171.8787509,11,-0.228352494,0.693184273
3.645768319,1.405373034,162.4421229,11,0.670913868,1.381264328
2.95519121,0.937823272,139.5009972,6,-1.015575049,0.635887123
0.272696642,0.530481969,150.5813491,11,-0.641176443,1.289937336
0.85514699,0.733572116,150.0669288,12,-0.820498483,2.336206179
0.386587022,1.342845779,126.4774889,12,-1.797646341,1.163309844
0.258815623,0.472493875,103.9462617,9,0.594784166,1.274315354
0.756232483,3.946790628,90.54217934,8,-1.556449541,1.789895003
0.970503624,1.742907604,126.0506812,12,-0.565729797,1.861242877
0.07828342,5.266603948,116.6308235,11,0.786154469,1.204540072
0.182594313,3.564005942,159.4141601,17,-0.433343411,1.333385137
3.915702304,2.212197659,161.0633767,9,0.186053701,1.206157166
8.32273481,1.43335046,115.6627666,7,-1.192204609,1.004075511
0.20680464,1.282426678,129.2920994,11,0.949012261,1.450565409
0.192888632,7.467181958,96.32865983,14,1.157785932,1.248314985
0.398959557,3.361903296,152.165318,12,-0.156901125,0.851671196
1.357431908,0.719512846,159.6107096,7,-0.716302358,1.12583053
0.006270921,2.37625984,123.244864,9,1.804356181,1.514353463
0.434037594,0.551946444,131.016482,4,-0.047448142,1.456141757
0.337692816,4.718603005,173.0213454,12,1.050753823,0.943724619
0.10120359,0.826838992,110.2994812,17,-0.94890987,1.281261113
0.174227234,1.852056464,120.9574048,13,0.865949076,1.235106357
2.55476875,0.151690206,124.480957,6,-1.926539563,0.850244279
0.110376386,3.816729204,109.2950633,12,-1.478071674,0.923463649
1.886877983,2.827778924,140.3554132,5,0.457170462,1.013910872
1.699686974,2.629828955,120.9800008,11,0.758822033,1.086831294
2.993134826,2.125883939,181.0578324,19,-1.466109631,0.981617396
0.235692876,2.226609701,180.1298927,10,-1.376939261,1.242486026
0.059904577,6.79315346,139.5668064,11,0.076753448,0.689476051
0.276470282,1.469809277,157.1755199,13,0.392797797,1.445559821
0.626558976,0.94517039,177.3426733,10,1.550328339,2.082145617
0.422784593,1.699986607,140.5149585,10,-0.373522936,1.359526435
1.825385189,0.88350092,147.7539054,11,0.654403422,1.161784566
0.504371823,3.156920877,171.4616476,11,-0.517673577,1.137437442
1.099981158,0.174738724,162.4985894,9,0.672549565,1.030939824
0.574736551,1.145022432,121.8354492,11,-0.6673089,1.646056501
0.155816204,1.45021533,154.5216055,13,1.368660563,2.216211257
1.505099052,7.046202185,161.0368317,11,0.177701704,1.306007441
0.728504529,0.751736366,131.7282339,7,-0.031637557,1.520851505
0.818983517,1.550729273,137.1215115,10,-1.448085898,1.373557345
1.217935812,4.706261921,143.0253912,15,0.337470542,1.423231596
0.152390923,5.998765712,107.2941039,8,-1.174419456,1.37489264
0.512218195,7.642176814,158.4269872,11,0.772386423,1.05051776
0.273153853,1.527126152,177.6730945,11,1.998857816,1.203883643
0.088251737,2.583082826,176.4276293,7,-0.45032277,1.329792685
0.582152124,2.090393383,161.2593959,8,1.342706094,0.921136728
3.207888596,3.812287602,164.8467455,9,-1.825060468,2.136808195
1.454861541,2.782521218,131.7211667,9,1.996060845,0.641176554
0.190155611,2.303626742,167.0033215,10,0.517785735,2.163321708
0.129662084,4.668918704,152.0157833,9,-0.310193532,0.734961796
0.21469241,1.380696226,66.80180204,11,1.190975949,1.573016939
0.814044654,8.270567385,191.146483,12,-0.784685606,1.271043581
0.275695355,1.696875601,129.3929424,13,-0.17311895,0.753970449
0.633762193,1.402548031,127.9162388,13,-0.835254038,0.87907657
0.262800554,0.940875325,139.5308271,17,-1.677631419,1.547085684
2.373206301,0.578614613,141.3118269,12,-0.254999656,1.345673838
0.997486125,0.936152161,114.9010496,10,1.002935517,0.78749207
0.117406532,1.545338162,151.2751658,13,-0.946459308,1.433440728
2.113832328,5.318166243,147.4939327,8,-1.853315511,1.587254549
0.125557,0.092589857,131.1273469,12,-0.989295112,1.393856064
0.977042637,1.738774292,146.6903104,14,-0.709503791,1.055245914
2.230546201,10.69159148,158.2635353,19,0.250077797,1.114905205
0.105750112,2.851045428,181.0765862,11,-0.496237881,1.615553575
2.055203242,8.244487798,100.0649603,13,0.928667966,0.605192688
0.597345219,2.536382591,127.7586825,12,-1.750203631,1.442270937
1.135435577,0.759762059,192.549831,12,1.324248473,1.342101385
0.555394213,4.695558028,142.9528383,12,0.340378202,1.467144827
2.243220935,0.811310605,163.6250382,9,-1.726748505,1.482328824
0.575115556,0.455319344,147.884171,12,0.62727738,1.230758701
0.314897761,3.022664989,116.1433243,13,0.514107391,1.463359076
0.610674601,0.895321641,162.8074131,9,-0.638672269,0.947011615
0.48668867,2.004399472,176.7799893,11,-0.70373967,1.737473201
3.013115525,2.760700823,137.978815,17,-1.552101542,0.853730639
0.846147009,1.357047616,92.31457667,5,1.08665561,1.125808564
4.363484341,2.647303514,79.47461994,18,0.048319151,0.523871769
1.222339716,3.434686774,119.220555,6,-0.897230919,1.388378044
1.112890534,8.211164748,198.1408618,14,0.378635184,1.751845264
0.111654112,1.28833927,108.627842,11,-1.46666926,1.114976401
0.060427487,5.764947449,108.8810459,6,0.029225195,1.280515903
0.903038705,2.717141349,119.9287541,8,0.629476184,1.857608905
0.858465102,0.383768986,139.133855,13,1.866219561,1.168994468
1.610584346,1.176407809,179.3671483,12,0.212748996,0.976728925
0.249492371,6.125118574,128.2971206,18,1.047685796,1.253736295
0.009452399,12.36106622,197.3598222,9,1.539736311,1.217908764
0.182325726,2.649818562,162.2269332,9,-1.916134447,0.664376879
0.293168996,1.632990141,148.7124945,14,1.996682451,0.751842584
0.225415383,1.810139272,152.1999138,14,-1.967908727,1.542423315
1.048520871,0.046641771,153.8245507,5,-0.220543975,1.146328806
0.351320002,2.512331855,126.3614478,13,-1.045031815,0.932985833
3.217775434,5.059588455,117.4879387,12,-0.673532209,1.430701571
0.203950797,1.204709529,124.5102137,13,-1.789351739,1.468580884
2.199055545,1.775371603,116.1394409,13,-1.028753555,1.502305556
0.546716975,5.086968328,181.2069461,11,-1.666253257,1.635584516
1.55245389,4.46541952,132.4052398,13,1.047117243,0.502100859
0.782860708,3.778963508,156.9185998,8,1.853807131,1.741207873
0.475378397,0.691896792,91.97528381,15,1.668000918,0.549770213
0.516839096,1.916301816,146.1991103,7,-0.299183493,0.855897113
1.692956481,2.950426977,169.9940615,10,-0.613691685,2.330537903
1.258664961,1.189471186,155.4757296,5,-1.480866319,1.779754292
1.706376068,2.894133085,109.7955623,17,1.202593875,1.066143852
0.080327597,2.259444135,165.6118519,14,-0.737473899,0.957021066
2.174966436,6.098392531,123.2567886,9,1.94515701,0.843195602
0.460938568,0.194712002,161.2211522,7,-1.698786536,0.903057559
0.574010701,0.84365709,157.2718768,6,-1.248146549,1.052418289
0.230905226,1.042930787,194.6874398,12,-1.412013542,0.824494545
0.22827553,2.124489793,165.858619,11,-0.002352945,1.519881215
0.521456146,4.79166656,96.36056292,8,-1.765418613,1.136823831
0.088069952,0.270491012,130.9224459,9,-1.551869261,1.715833849
0.59245682,0.362364668,135.4521478,8,1.66782003,1.459591919
0.352591666,3.310735819,107.2802065,10,0.463189441,1.227681299
1.258303046,1.444750217,147.8114391,14,-1.1120995,1.072214447
0.839612976,4.25676008,214.4567431,16,-1.76329741,1.038935884
0.631938667,0.590281941,138.106711,6,0.897924099,2.014483365
3.263057671,1.320614652,143.8482321,13,1.506934799,1.426970459
0.311230953,7.455468042,158.3003659,10,0.173106252,0.899143173
2.451710662,2.231295875,138.5551684,9,-1.809539502,1.257873042
5.105091055,2.472698007,132.5612878,9,1.707500127,0.849907153
0.250802215,1.565046527,142.0883614,12,0.735079229,1.636429358
1.067349627,2.205240095,143.7577508,13,-0.919812297,0.928328519
1.788362516,2.228790442,127.0073937,13,-0.805811554,1.158630606
1.051808709,2.262292834,142.4699055,14,-0.103920251,0.694788786
1.997492857,3.763180436,159.4600548,3,-1.959037603,1.499602598
0.451282556,0.967427659,144.6763128,15,0.419074549,1.337657339
0.292963296,1.223287421,111.6821719,4,-1.300206216,1.303227796
1.081764419,5.051635408,143.5540999,7,-0.016918746,0.729302922
1.227981414,2.563822213,142.3956045,19,-1.214420131,0.920301898
0.329216388,0.37768412,163.9057463,15,0.522043088,0.863074152
0.176472548,7.990921608,159.8525466,9,0.684427002,0.891819371
2.233457343,3.268388937,119.928943,13,-1.144505096,0.85649297
0.063469317,2.728463703,186.4728862,11,0.091361213,1.369687005
1.027629136,0.316556833,152.7521308,7,-1.53341155,1.577450809
1.05963006,1.946643545,152.8579956,8,0.273577076,0.755102576
1.21413321,5.447016946,118.4117594,9,1.024574541,2.264146664
0.373747568,1.553930423,118.149624,15,-1.912491758,1.411926125
1.632636286,2.204276737,128.7615661,8,-1.53439307,1.462411724
0.569011522,0.651375621,114.8313105,16,1.058447545,1.540379562
0.039242842,4.043833873,131.987735,14,-1.683161773,0.835381992
0.207299656,4.818647499,161.6329797,15,0.152394403,2.186161871
0.180489281,3.922634616,175.4834772,13,0.633622616,1.412237907
1.788767356,1.314685348,144.2331094,11,1.937983864,1.612068877
0.778140995,2.095227048,95.98212942,9,1.407757556,1.116126456
0.052874127,0.162504328,125.7108096,10,-0.260632111,1.92588701
1.032852481,6.899153136,80.47819234,14,0.612010693,1.080062538
2.7877139,1.444417741,139.2486725,17,-1.362152442,0.958873826
0.495225403,3.530688393,136.3608723,12,0.741378263,1.128120523
1.745486246,1.372094738,126.1684117,8,-1.208226513,0.94314819
1.569021294,2.145228976,136.0598403,11,0.045615789,1.393260343
1.27619178,0.573266204,220.7508448,7,1.571563989,0.706735714
1.584681498,2.423834006,158.0417394,14,0.642865672,1.007384879
0.867636235,6.362379376,172.7977506,8,-0.218525953,1.075853461
1.07234983,7.988740924,112.3193377,10,-0.919868643,1.959407652
1.08607833,2.156023758,77.15146637,21,-1.28969165,0.908072105
0.13915934,1.945145687,158.451978,8,1.115819012,1.097239589
0.058118085,2.215351147,189.158191,12,0.717843039,1.634611756
0.22850237,5.880660696,111.4322869,8,-0.494013194,1.818400443
1.984975891,2.829222837,110.4685347,6,0.171545577,2.037138273
0.315745065,1.165694167,94.51133192,8,0.578282915,1.092262666
0.092203834,3.782635815,124.8064684,7,-1.183964754,1.294977187
0.355071082,3.135958465,195.1834514,8,-1.893002845,1.204783197
2.177273495,3.877909797,141.2713632,7,-0.224911504,1.498906456
0.991914763,1.83551831,150.7664029,12,1.148297866,1.329855521
1.325631916,3.224528985,117.9440293,14,-1.593864635,1.24459443
1.386335584,3.027019764,150.732471,6,-0.09242467,1.629103441
0.453466246,6.527280337,145.8078606,18,-0.294037002,1.060753585
1.794601262,5.37991261,76.36552263,12,1.292476781,2.117421359
0.235145395,0.94270273,204.6746014,13,0.544550786,1.12748675
0.427214103,10.23923788,100.5560664,13,0.76134492,1.065528495
1.606851088,1.856846915,144.0456904,7,0.830728238,0.957791378
2.818476689,3.271634555,132.5170292,18,-1.043274675,0.858102367
2.633771239,1.212685772,170.8112889,12,-0.244282331,0.956598892
0.682593676,1.183330874,143.4473935,14,-1.106832634,1.096105188
0.451673933,3.24018759,114.1820205,10,1.357628816,1.723181519
1.64238986,0.786013481,131.9291216,21,1.647738234,0.659738364
0.222933354,1.005156144,133.3797608,12,-0.497357768,1.135988948
0.846689761,5.441725651,159.3102961,8,1.966870966,0.667408019
3.776897868,1.637632568,143.4159084,9,-1.663374553,1.051932177
0.520664508,0.164864623,158.2499929,8,-0.679761536,1.474465915
0.853055864,2.166315168,168.8734054,12,-0.247869112,1.263674387
0.137435898,2.52033548,155.4248973,6,-0.453104945,1.526169103
0.611287156,0.217354121,129.3979626,9,0.333203194,1.38971096
1.893913029,7.349792837,127.5910654,11,1.658807214,1.325536412
2.245575609,9.919747839,170.7522589,4,-1.522750019,1.534057614
0.64747622,0.796327965,170.7709479,15,-1.327922168,1.828733368
1.217559271,2.093066699,87.08859874,14,0.098899141,1.37958041
0.371563416,3.65786236,135.2926774,10,-0.294165678,0.670245086
0.727191146,1.337885988,123.8511592,12,-1.371262853,0.742667136
0.300743117,3.658140182,177.5587513,12,-1.747363837,0.889079752
0.205430329,0.752914799,130.3861196,10,-0.149547343,1.302220966
0.113283213,0.484600118,155.8096574,7,-1.09268726,1.250266588
0.32913373,1.97142511,108.1572827,16,0.455021075,0.880520886
0.102068185,0.612827635,128.9810283,13,-1.133001687,1.470641734
0.175186745,5.614994574,166.0540727,12,-1.871467962,1.013439056
0.45814627,2.84067796,178.7620774,11,1.26643518,0.514711233
0.333260963,1.178491712,111.871414,14,0.655272267,1.97848728
1.301482411,3.134596919,155.8624068,9,-1.132937862,1.62033329
0.035151956,1.140243458,119.2610899,11,1.917687177,1.188347191
0.055497548,1.27777831,77.89879319,15,-0.125537618,0.651714337
0.286892276,4.41404494,198.0725049,11,-0.113138429,1.472501501
0.099680976,2.502556888,171.2197289,9,1.998127664,1.116586585
0.038472443,3.339072533,128.6995613,10,0.833122688,1.150175263
1.023050511,3.104379009,112.7299313,7,0.983947336,0.840581729
0.932873662,2.213066162,159.8520005,9,-1.843295667,1.438785962
0.065615844,4.411210637,134.2638978,8,1.653864047,2.109900326
0.514123666,2.80922407,149.9553594,10,0.125127492,1.040265221
0.123870104,11.03119354,144.7022896,7,0.204472821,1.786042391
0.086970021,1.477464137,119.5332041,5,-0.893539541,1.31851294
1.7671209,3.073256589,141.692934,10,-1.343725611,0.793959539
0.675412026,0.259019239,122.7869677,9,-0.357561206,1.014708053
0.094304729,1.129483076,161.4747208,8,-0.80066519,1.835742541
0.799966101,2.809820744,134.3386707,17,-1.54244887,2.608641834
0.57446663,5.995390315,173.7650014,13,1.607191664,1.30674146
2.772935375,3.752164526,187.5030085,11,0.639098953,1.114381303
0.491869552,1.590807053,102.2173894,13,-0.804582999,1.150309632
1.693349864,1.131146617,198.9396992,12,-0.387774338,0.624357741
0.700093184,6.512649304,145.0492204,12,0.203075767,1.282397189
1.798263356,0.834257831,147.6221248,13,-0.841422768,0.591734445
0.329215099,0.603728352,118.9882681,15,-1.107929882,0.566901497
0.097378281,0.698432577,90.81100843,12,1.382731007,0.73797623
0.331785555,3.725140543,106.5294776,5,-1.286078879,1.006961151
1.758195843,3.33040984,127.535642,6,-1.744633579,1.241968113
1.547936942,1.880202086,119.0277642,8,0.433392608,1.223832832
2.308736661,1.158386149,102.9715862,11,-1.30018273,1.111810286
1.109041617,0.63190751,182.6502383,11,1.816319339,0.565747997
0.972216181,2.891775115,179.0023623,8,-0.543074895,0.838712229
1.992269657,2.098338424,80.89834777,13,-1.224101774,1.598858654
1.212171825,5.733930174,180.9952658,9,1.517092015,1.493675686
1.271969254,1.340963563,139.2324506,7,-0.765027469,0.89136669
0.89264167,2.013068772,214.1418774,12,0.830137621,1.171260147
0.385463281,2.79195427,181.4674996,8,-0.477836486,1.35860359
0.329715899,0.135666351,130.2958394,11,-1.314320971,1.017735035
2.2178791,2.443424134,160.5187225,18,1.695483077,1.349024501
0.628405772,3.108558796,141.5381968,10,-0.334701258,1.236449554
0.960859457,2.000260423,110.9009311,11,-1.7898891,1.83208254
0.475812045,2.043948036,162.0892461,9,-1.875682463,0.716539907
3.977707779,2.355628113,80.89024119,7,-0.961072505,0.932766482
0.313111929,1.922115612,129.1642391,13,1.652847849,0.983035173
0.916604184,3.480246191,176.3731822,17,0.119915621,1.211236906
0.870371365,0.578763497,118.8432668,9,-0.683050333,1.64716237
1.041073091,1.340375796,164.2865537,9,-1.852174689,0.750290697
0.45242061,6.856159936,136.011014,11,1.638541597,0.786171591
0.450929206,5.334289816,99.26941772,12,-0.426327629,0.653941904
0.079881515,2.466790238,161.6662542,12,0.320319799,1.22221836
1.446834942,3.056637571,132.331308,9,-0.83800019,1.049565059
3.623346662,7.811957944,159.2167886,18,0.773174044,1.114576778
0.647161334,4.22651614,98.56580997,7,0.517631246,1.36654867
0.461488821,3.362962764,128.0454787,12,-0.182122411,0.543909021
0.236034602,4.103181478,139.6189467,10,-1.635948585,1.418630191
0.118170021,2.832341238,145.323416,6,-0.800382112,1.958213483
0.358322637,0.892601801,86.66375348,10,-0.722643556,2.218773159
1.686004892,6.368942881,151.4022023,6,0.15656684,1.276348453
0.440895305,1.466727174,145.4008235,11,1.856544344,1.086550937
2.115011977,0.073818721,111.5198921,15,1.334242641,1.906998685
0.360627698,0.39716748,147.9353033,4,-0.946288358,0.991574027
0.918227257,5.013611855,183.4738726,6,-1.9093771,1.613551691
1.12122919,0.211766999,89.4378416,9,-1.999509293,1.46394139
0.358288902,0.438590198,137.7382164,6,1.750655831,1.356044036
0.280315216,2.48530091,231.7889254,11,1.150004319,0.558165561
1.134897297,1.412634076,116.6161103,10,-0.806575885,1.100245532
1.798965326,0.397867522,162.8861422,15,0.385777265,1.22638485
0.011752047,3.099230497,151.3442504,10,0.797919114,1.230767688
0.257809054,5.75136957,148.8018322,7,-0.335715272,1.236976278
2.588064479,1.24414871,99.99488634,14,1.726092898,1.491193428
0.529118148,1.945744031,113.9887112,13,-1.963811892,0.964453818
0.107274545,0.234158034,101.1912461,8,-1.589405973,1.025515024
0.647841683,1.745720204,112.7271358,10,0.868075187,1.68497906
1.299199886,0.683451787,235.5586707,6,0.675385632,1.291563707
0.168794433,2.715148069,92.96112338,9,1.601709877,0.791764276
0.072916825,2.430992345,112.1248864,13,-1.415976328,2.081893462
1.469299977,1.115630154,138.7397207,11,0.771750479,1.411673094
1.268961476,7.295181117,92.49072848,12,0.348454469,1.320483425
0.616621806,3.382189162,166.8861647,11,-1.631168198,0.768830506
1.343838721,3.169079986,165.7183713,8,1.793787414,1.177174583
0.309161164,2.296992302,210.4250234,13,1.34827125,1.741456262
0.480214793,1.260767948,156.7194393,9,-1.363042139,1.097912522
1.395994317,7.591821989,160.2929625,10,-1.07588271,1.226205234
0.090654096,2.849528955,165.6926767,11,1.985034536,0.879733239
2.789547542,4.86180924,110.177223,9,0.888758034,1.534881877
0.664174808,1.519321195,158.2799871,10,-1.343303693,1.651113962
0.482729231,0.389572425,146.5135748,7,-1.847431737,1.516130225
1.140722489,3.189899617,115.6502651,5,0.471385753,1.046162119
2.346666878,3.147362353,132.1160157,11,0.119809154,1.205700238
1.051435698,1.706053159,143.3079573,9,1.72158498,0.700486825
1.039638207,2.699624316,190.5788236,9,0.636484628,1.939967947
0.026956583,5.304605491,131.4359475,10,-0.404550781,1.074604191
2.496593838,0.768959194,157.8346893,12,1.253117952,1.454253895
0.897755083,2.55881995,115.3945637,4,1.451547038,1.058866652
0.302724362,8.252477169,135.3170488,12,1.779142528,1.21514543
0.259451091,1.876438237,121.3675165,16,0.439796944,0.856471043
0.530233166,5.385783737,137.9900896,19,-1.280454586,1.266498211
0.401798477,7.380104824,155.3820773,11,1.008743647,0.785234913
0.088602096,2.667877051,97.73498527,10,-0.593166023,1.453993116
1.540283516,1.739567007,156.0938652,5,1.149473102,1.177739891
0.502638749,5.679078414,110.9617411,5,1.716002827,1.049629223
1.119939111,1.674013453,131.0919523,9,-0.40932379,1.140125833
0.712330891,2.099828945,128.2758207,13,-1.10081894,1.216566387
0.61486242,4.605905944,183.0987031,9,-1.440597654,2.081615184
3.283921696,6.369304569,169.4713975,11,-0.964642651,1.217174827
0.120760089,0.788110948,132.8328751,11,-0.874163664,1.176883347
0.105895706,3.904125439,156.1943552,11,-0.475211369,1.228268463
0.403018955,1.035160834,153.6240896,10,1.92508484,1.802100008
0.722931902,1.999927283,139.0753543,7,-0.718731752,1.337905593
3.696090465,0.428381654,110.22291,11,-1.120585486,1.012216362
1.140739061,1.112590482,162.7357813,11,1.363361,1.494252794
0.013112208,1.403938116,148.1876022,13,1.02443639,1.389775233
1.105968144,2.099113688,141.3409169,8,0.546307705,1.50916698
1.677604005,7.261319582,162.8379,9,1.589099329,1.155355405
1.839690054,1.985728517,150.7710265,9,-1.490718629,1.404451779
2.847287483,1.182071608,144.3935411,10,-0.381310428,1.37154468
0.876225483,1.983172245,171.6736258,10,1.164304248,1.890308523
0.187246719,2.164780754,129.852314,5,-1.820587516,1.731954204
0.124552586,1.130754702,147.030712,7,-1.007533975,0.95825215
0.171587104,1.131686047,182.0846534,12,-1.604313879,0.525297046
0.045001642,1.088074108,145.2994815,7,-0.242666477,0.744414882
0.933553523,1.926717062,130.245263,10,-1.334755459,0.803163136
0.825397136,3.595932579,139.6675911,10,1.469702458,0.979878297
1.68099259,1.577654212,109.0472936,15,-0.577608847,1.232288719
0.062512661,2.022703336,112.2723768,17,-0.902653774,1.530982813
0.041689896,1.223642882,196.3167198,11,0.259324169,1.412206271
0.200402479,2.441791093,139.0763358,8,1.424095952,1.023084462
2.742469812,1.690117019,132.7409584,13,-0.7610573,1.016313752
0.554209871,1.430289753,111.9981607,14,1.091165065,1.407033365
0.316820587,4.667374208,95.38838139,13,-0.157368626,0.917409284
0.200559165,1.506080685,115.6203287,9,-0.026541868,0.973803912
1.210710285,2.433073844,135.9445594,12,-1.302327259,0.677761481
1.421326531,11.44309513,128.5767128,13,0.55139071,0.805369859
1.444523904,3.118662685,115.235018,10,1.267524387,1.370729116
0.510337614,1.575177742,129.1240268,16,0.525601109,1.149471933
1.048730334,1.498035408,110.5882807,10,-1.67655881,2.198899772
0.558172969,1.711672903,122.1337397,16,-0.695661056,1.420661177
1.397066614,3.794577435,151.6371536,19,0.234813064,1.219106437
0.521920635,3.964495994,98.46022589,16,-1.541111196,1.283826001
0.002246339,2.354988983,91.1421389,15,-0.154222552,0.727139034
0.121944616,2.968390048,97.42884372,11,-1.801538332,1.999209015
1.34147073,3.172562598,181.5187691,15,0.251114,2.321241549
0.014754759,7.784571587,130.0412604,10,-0.716104544,0.920188132
1.185822776,0.240254075,91.5340488,12,-1.509710118,1.205290465
0.073145297,5.269740137,161.0428238,8,-1.128008227,1.47454833
0.505997946,1.775953342,101.3167287,5,0.290108303,1.051319858
0.749937717,1.929314487,151.4407602,10,0.964915602,1.474592428
0.040892188,4.13531384,180.787591,15,1.685087136,0.908395804
0.016913171,2.156342279,148.7269815,11,1.034782063,0.828472067
0.941971731,1.313115208,144.824471,6,-1.389739351,1.181982014
0.105358071,0.808017153,114.3126788,11,-1.165545559,0.868399619
1.696207434,1.147032741,171.9347837,7,1.194690438,2.611165726
0.64937805,2.924868854,118.214645,9,-0.557711604,0.698924055
2.475947982,1.341595167,104.5355539,13,1.110788425,1.780458709
0.518833204,1.305629126,76.82013023,14,-1.709055152,1.14393671
1.289630986,2.935586906,153.7617582,7,1.150231113,1.015191744
0.082374062,4.127071191,120.144476,10,0.629795522,1.389548618
0.478191159,4.586514272,173.8489562,9,1.221349202,1.006263382
1.211037118,8.04025532,127.588727,8,0.97337734,1.03788923
2.417329768,0.724044527,132.5791797,16,-1.84493415,0.672854153
1.224409839,9.182880273,160.9997125,15,-0.847000171,1.194832768
1.073694,4.245797658,134.3932436,8,-1.962356211,0.50476192
0.343061313,4.175748782,140.6306486,4,-0.470807465,1.04765985
0.140842858,4.536168306,129.423534,6,-0.580256646,1.423247991
0.446839187,1.547463866,110.659205,7,1.457955515,1.384511214
2.979379371,3.022499698,142.4318716,9,1.274432295,1.227843037
1.835491536,4.906617058,155.9940755,8,-1.355668666,1.590734919
0.142868985,4.130103048,167.4068959,13,1.695289361,1.334463581
3.813845163,6.497161802,125.0603525,12,-0.948821168,2.453929648
1.756091423,3.233865235,181.8670968,9,-1.651286256,1.08170151
0.41887339,3.743445973,149.934644,7,-0.790108476,1.379306964
0.031853715,1.787242421,106.2827733,11,-0.834682078,0.745470227
0.325745275,0.882796506,156.3510955,9,-1.387855007,1.003731872
0.051043941,0.269804005,132.1499735,13,0.498984742,1.334566389
0.32134304,5.299547021,185.0010163,9,0.018904799,0.698527761
0.294674663,0.98032335,229.1640681,13,1.843725609,1.258603768
2.014869573,4.008475159,149.0628222,8,-0.947838319,1.489459058
0.230779305,1.213014792,134.2160701,13,0.113386882,1.105629842
0.380721339,1.182854845,102.338456,12,1.657747821,1.004123817
2.538373766,0.714191046,166.7806626,10,-0.308186175,1.888339523
0.133749153,6.547166392,89.16270633,10,1.637987429,0.930290409
2.645800957,5.744029139,210.562158,6,0.450830765,0.865683686
0.667926908,7.886742738,145.0970014,11,-0.023041779,0.89321787
1.839493314,0.923250242,177.3468156,11,0.444004005,1.485197819
1.095052368,0.919504193,82.84380267,6,0.866056911,1.421833519
0.025221798,4.209858449,139.432574,17,0.050783442,1.164181652
0.732405346,3.5783181,185.730323,19,1.573556903,1.010511916
0.652989164,2.787756757,125.3628563,8,1.549265089,0.874043379
0.629856987,2.16305822,96.01990495,11,0.027390498,1.348621983
2.424318705,0.28203807,176.8493217,13,-1.819351661,1.206290152
0.439335609,2.326982504,163.9937544,9,0.407901593,1.781723081
0.501233638,6.745271845,126.5669105,10,-1.558941404,1.052001612
0.214336346,0.78445865,82.71374048,11,1.411387467,1.190014772
0.608235898,1.235595767,174.576269,12,-1.309733881,1.331484969
0.589010244,3.745537697,175.689827,7,1.093433949,0.686004074
1.667005543,4.704039762,169.6535283,10,-1.416920235,1.270033754
0.379417059,1.675642348,162.4750527,12,-0.910286472,1.385208905
0.457696194,2.743981076,115.2904268,12,1.42116245,1.187550166
0.144517024,1.81647161,183.0311814,22,0.743304222,1.19593498
0.691293365,3.236748876,131.0597479,6,1.922285349,1.254114944
1.278557456,0.264330747,152.8750201,15,1.033678192,1.172395866
0.708552725,2.365247569,126.2714613,10,-1.34666894,1.446142843
0.208658001,3.182199643,166.0590584,16,-0.43448222,0.858147692
0.341608964,2.198214869,145.4979597,10,-1.090275017,1.051871451
0.447815341,1.923048326,156.4910146,15,-0.152878835,1.934263708
0.756953649,6.377150753,143.9866176,9,1.677975573,0.557217664
2.034745587,4.845058657,112.939937,13,0.160655194,1.481553135
0.383864615,1.123097863,118.9689974,10,-1.52590201,1.342485356
0.878406416,0.405659848,190.953462,11,-1.448746836,1.274238686
0.697952938,1.391679836,128.5988162,3,0.32921781,1.376521194
0.94090797,2.34927062,141.8391593,9,0.921877136,0.494331993
1.352722502,2.192690071,172.8708771,8,1.148021403,1.558953661
2.350516001,2.758505374,102.0654441,12,1.581601135,1.687520279
0.226093116,0.875733876,138.2240921,11,-0.6674967,0.547246087
0.408360835,1.928630428,111.1732112,14,1.550698749,1.729363375
0.946074069,7.196064391,92.30287724,12,0.45655106,0.943129342
1.718587788,3.271649233,144.7083846,19,1.042912292,0.959402098
0.110561426,4.047247859,165.1087834,10,0.176139904,2.309413988
1.226179578,1.661943266,121.6036637,7,1.18491364,1.335160048
3.706930554,6.388888074,134.2317817,6,0.705183333,1.123514632
0.152154981,4.966172793,131.7151679,9,-0.434844134,1.544002889
0.680198043,0.880467099,167.5338114,11,-0.853534205,1.338441605
1.315506967,7.187804166,112.596127,13,1.263877334,0.945494393
1.275593657,2.533295945,157.1976111,20,-1.813691381,1.868936327
0.410673189,7.140547322,192.5471544,12,0.622461906,1.07940178
0.46796767,4.095245868,59.33361905,16,-1.65693272,0.646569328
0.80436948,1.274134765,100.295512,16,-1.970620584,0.798743317
0.551464834,0.9413,154.6234257,8,-0.539641805,1.679483158
1.546513116,4.942468707,229.5911965,8,1.823567403,0.724569898
0.215085351,2.862277947,159.1067635,8,1.612163783,0.81312908
2.836767137,3.99822734,89.40558838,13,-0.552675555,1.277560626
0.035651369,3.158583676,92.31314582,12,-0.333122013,1.067723469
1.945407921,0.827758934,125.3184992,10,-0.625797554,0.798991415
0.553500192,3.682533583,180.5908579,14,-1.298965923,1.383651418
0.443763396,1.035970165,170.637264,11,-0.024955387,1.784152394
0.116434919,2.465282347,160.4002661,12,0.775314807,1.030275509
1.377097837,2.857766385,152.6886017,11,0.069756836,1.176999695
0.254790551,4.456368827,81.85546644,15,1.885763455,0.734699336
3.194124318,1.378136122,150.6000118,9,-1.194400752,1.137391554
0.185292209,2.510598579,192.1792175,11,0.902565111,0.888964619
0.303121987,1.102712008,143.0034298,9,0.585926592,1.318165767
0.491012033,2.463840795,143.3389516,10,-0.144570617,1.267791197
1.183270332,4.322467547,143.8132204,9,0.394512489,1.000459718
0.16820029,5.995959598,162.3026414,11,0.24262465,1.992081489
0.797876873,2.480069111,121.729723,12,-0.465165767,1.430271461
1.807710472,7.172043886,134.3261665,11,0.658432776,1.395278549
0.990784175,2.470730845,135.5750689,11,0.352945096,1.243374714
0.18285123,1.293781059,175.3569281,11,-1.548334338,1.034047282
1.310757011,1.221467557,147.932908,10,0.914665438,2.03063319
1.840971854,1.299497107,106.073577,13,-1.111208667,1.34139259
1.788759312,1.958841768,114.289951,14,1.658138666,1.657422226
0.040372628,0.740818886,111.9493193,15,0.337499681,1.090610977
2.051956264,5.154234991,151.9872776,9,-1.633732527,0.796039912
0.309306009,2.655486835,134.4887772,6,-0.665518044,1.398728664
1.099885769,8.769955728,134.1583092,15,-0.633517121,1.391672087
2.90802062,5.263017856,139.1942428,11,-0.479013971,1.129355243
0.113292593,1.512654644,139.0110541,12,1.840335784,1.315459168
0.154325985,0.588764831,185.118978,19,0.865339543,1.721251046
0.301913748,5.575749086,201.6554046,14,0.15681505,0.912783697
0.590039353,2.254903684,142.9896668,4,-1.376829037,1.29067582
2.408695264,6.367374933,114.2414386,15,1.138023045,2.115132389
0.385896975,1.536922136,117.6556987,8,0.078485684,1.163440975
3.426968008,4.070499581,78.18189466,8,0.414599312,1.732786879
0.272484352,1.00249374,112.7221735,19,0.360978561,2.003159161
2.326543735,1.558475663,219.9185131,12,-1.147031852,1.30990835
0.600212305,1.403568856,125.0190015,10,0.322583175,1.136149121
0.256437069,1.068944433,141.411796,8,1.105786206,1.774068883
0.368683547,7.606524582,97.10285915,12,-0.915006186,1.122816849
2.81598618,1.166972841,154.8730051,8,1.559602406,1.20657265
0.926982368,1.67526555,155.8980921,16,-1.694875039,1.619779817
2.65739624,2.599525528,135.0399017,10,-0.107430216,1.868985309
1.271849254,4.850811099,159.7197536,13,-0.660294699,0.917975496
0.297062883,3.442100987,129.6967859,9,-1.776111251,1.513251413
2.011300618,12.34783899,169.2169534,7,0.218933779,0.98114667
0.425894484,2.693145471,185.60679,14,-1.912715924,1.187485992
0.199175343,3.216886191,182.6245873,6,0.990450806,0.809637382
0.12776145,0.871682116,146.0522612,7,-1.022939259,0.999739731
1.522103661,1.261069956,105.4496449,11,0.218058915,1.065831346
0.162102643,3.148814451,92.40401264,9,1.894760566,1.206437096
0.970321329,2.150655345,124.358261,21,0.072817404,1.987655141
2.091642573,2.641068431,131.902393,9,-1.408636534,1.184747446
1.290361306,5.254276521,128.9333949,12,-0.4169554,1.01602194
0.353568529,1.374878938,102.6751888,15,-1.400806432,1.18425371
0.176082547,2.019988543,88.06665951,9,-0.235836573,1.218818635
0.235353677,0.335409813,142.2496088,11,-0.993062026,1.004031498
2.874396269,0.226536448,199.9155272,8,0.973230776,1.004250866
0.516066705,3.056137414,142.2964105,7,-0.046065856,0.993905957
0.402395471,0.232145502,139.1714647,15,0.491436531,1.173293926
1.045533364,2.333927996,141.9572314,8,1.621120507,1.464692848
0.90030116,7.262964908,148.3543734,12,0.188295125,1.102884564
1.698539246,3.604623862,108.8809722,11,-0.607068851,1.191865186
0.236586506,2.913399301,104.6555584,9,0.27831868,1.025596385
0.064607654,7.584475337,190.7505869,11,1.888246095,1.269739384
0.465366807,7.235752248,162.5151166,12,-1.664613307,1.126108504
0.406060443,2.721876813,155.1313865,11,1.082489142,1.071552396
0.214353106,5.417566696,163.5478165,6,-0.130849302,1.628875348
0.920419435,1.061768264,137.4798483,9,0.45700474,1.087802155
0.366331905,1.534924512,125.8904683,10,-1.200659235,1.268166937
0.296820965,1.1563494,118.3445329,15,0.631490131,2.502288813
1.430503346,1.57405759,178.409674,11,0.184407668,1.38689424
0.326272136,2.361333805,142.3849321,19,0.710142164,1.102366776
0.414271595,3.309402502,145.9680137,10,-1.725542012,1.086091186
0.975419348,1.383105843,116.354502,14,-0.701232417,1.13049767
1.28030268,7.222170691,78.06577062,15,-0.367515265,1.496128272
0.096747589,0.955505341,176.1432122,10,-1.093974771,1.522626183
0.428856967,4.492041109,135.4272434,15,-1.999762112,1.253998354
0.765698588,4.975955382,107.156693,17,-0.788746823,1.361648035
0.966489758,5.944692318,163.1962654,12,0.906932492,1.395856159
3.215081669,0.882989323,187.3208042,10,-1.147182428,2.055474108
2.586990571,1.524244276,143.4552523,10,0.356249366,0.73738397
0.024206151,2.077044276,165.0492577,12,1.660846377,0.617667831
0.01966917,0.888085018,156.7394436,6,1.866149391,1.351430376
1.131929466,1.882819246,126.7208132,9,-0.399708807,1.143474335
0.759668381,1.623086518,107.3553961,16,-0.643027617,1.173800541
0.944381745,2.570177145,99.82055855,7,0.854428206,1.54892492
3.738042211,0.672219553,156.3697431,13,-1.389721637,1.217234657
2.220620891,1.275730314,117.6141498,7,-1.781168112,1.045811883
0.11117355,4.468889437,177.8172006,10,-1.735190632,0.923320702
0.372416702,3.883028199,165.7211905,7,0.327413311,1.007856132
1.376592828,1.5759122,94.77989382,8,-1.611417576,1.354261798
1.001786072,1.594379028,114.0142512,13,1.365187353,1.052141457
0.019474739,1.680288452,159.947356,9,1.688686917,1.495586725
0.112711023,7.048906787,153.7557742,5,0.788092325,1.135656526
1.339609163,1.35788947,137.0148021,17,0.606510974,1.41028515
0.677068155,1.058537869,136.0830652,10,-1.371952251,1.154081391
0.835289855,5.922596778,97.22661664,10,1.818415318,0.958620616
0.334881051,3.456886283,175.4383133,12,1.213489025,1.547663395
1.224540682,3.745577998,169.5217596,10,-0.713500625,1.616903143
2.540886743,1.679645781,118.1551977,6,-0.84645742,0.435670964
0.332198558,0.616493545,186.270832,9,-1.918052377,1.735208491
0.6976792,0.769956036,195.0201161,8,1.041329017,0.75531599
0.987601055,4.385323082,213.6246463,10,-0.040922471,0.825414762
0.553822421,0.502487152,117.8601418,15,0.870403587,0.702408718
0.614953348,2.029746087,132.2666718,10,-1.077202142,1.121582803
0.315170383,1.485386474,171.6417626,6,1.863367372,0.900408098
0.14541016,2.251910311,124.5051035,10,0.274871796,0.637978912
0.100084176,1.468370085,147.30955,12,1.222574312,1.736465907
0.417475166,6.024271027,161.1458707,9,-1.246190666,0.787048113
0.058513248,10.33546828,116.8136746,17,-1.708466483,0.652215858
1.854517369,1.415635714,143.2044082,11,1.294952439,0.970908279
0.067174285,3.01401924,120.807888,10,-0.475587909,1.316951539
1.897884837,7.80459159,139.5698346,10,0.743126832,0.8961292
0.849912376,0.632169735,153.7279308,13,-0.240987336,1.609418027
1.100979431,6.587041236,152.0612857,14,-1.803539758,1.096552646
1.056662652,1.179308545,92.63031112,10,-1.449154771,1.370783856
1.044476488,0.583195965,101.5728986,11,0.601486235,1.663954156
2.727888966,0.269362019,154.0323672,15,0.410860658,1.548127502
1.352038269,6.056245463,156.1534744,6,0.226566426,0.596610412
0.780027631,7.165810403,181.5122991,10,1.973862587,0.965293636
0.33913303,7.171529463,136.5761947,10,1.273921906,1.035494984
3.162384448,1.742526781,192.1634343,8,-0.100641599,0.453254039
0.071286677,2.543072701,67.49367681,11,0.017235879,1.529370405
0.597384632,1.922329836,155.1150747,13,0.20413637,1.11025903
1.117307266,2.884417343,125.3038434,13,0.350373491,1.4880853
0.772620578,0.688570459,134.831232,11,0.916292541,1.145736489
0.864597543,3.304874057,109.0302497,12,1.679195027,0.942966211
0.957951956,0.92674428,94.27318186,12,-0.076824247,0.750004494
0.346149007,8.278224432,131.7747123,17,1.759193774,1.720530581
0.64127314,1.649706622,158.0610616,6,-0.39166477,0.967664794
3.947948834,1.470572865,140.2713325,5,0.070303912,1.529428776
1.830291893,0.534403563,128.77021,12,0.110995096,1.02316001
0.938451531,1.026471002,113.5149831,10,0.573784552,1.016203454
0.002484668,2.666339755,165.5068184,13,0.199361951,0.897653746
3.530085893,1.423953649,142.933847,7,0.076944887,0.4663947
0.179149029,4.176066276,187.1049173,11,-0.670096669,2.210268402
0.028405819,0.640335248,151.7117884,10,-0.760273519,0.931966647
0.038793231,9.739709759,141.1297675,7,0.131231689,1.668604641
0.942287825,4.276998603,129.2209317,9,1.710028652,1.019505822
0.883371626,1.513725112,129.0198463,9,0.966894655,1.525527613
0.518978172,2.425350635,154.3764873,10,1.299537998,0.948420978
0.970843636,2.484236124,101.592467,14,0.247740207,1.217658251
0.503501161,7.774390374,146.4668998,16,0.173940041,1.355418096
0.178516701,5.160292972,121.6906405,13,-1.309586731,0.952377489
0.327670727,4.073998495,151.1173491,10,1.350824052,1.560300362
0.089560927,1.01253189,96.90410381,13,0.188609459,1.46188029
4.149089014,3.898035284,104.9668685,8,-0.257702768,1.70516224
0.177106243,1.291711072,127.6466214,9,0.127292425,1.029749707
0.276161744,0.528679595,155.563775,12,-1.383571495,0.710109704
1.328098252,1.926296117,74.85981633,13,1.148933261,1.325219989
0.110478857,2.294789591,125.1227649,14,-1.874956668,0.815285479
0.280824977,4.210372117,116.6031638,17,0.983739103,0.916989182
0.101144555,1.922707782,140.8312634,13,-1.346472248,1.028327285
0.571986458,7.066280392,174.2544669,9,-0.993053997,1.488414975
0.5427734,3.408821321,112.9653004,6,-1.045074477,1.63428433
3.562143803,6.097071984,145.7564369,10,1.757282818,1.123150302
0.922907376,1.742062486,137.0993218,11,0.377382504,1.323179742
1.182245042,0.844940435,161.8856091,10,0.658430197,1.151570864
0.322591004,2.96812937,157.4256916,5,0.194756562,1.406466767
0.733837153,4.308238833,138.1752847,15,0.663571109,0.747713198
1.95207027,3.957712435,68.21951592,7,-1.314049259,1.255868481
0.121223331,1.893144068,126.4925643,5,-1.056467251,1.397453486
0.263134206,0.417997862,113.7258583,9,-0.348186466,1.225074414
0.772328025,1.299859467,167.9621209,13,-1.067196199,1.172577962
0.123926006,3.411879512,159.4621594,14,-1.69267622,0.495992456
0.281621881,1.168323264,102.2338607,13,-0.584105563,1.638526993
0.313148028,8.290347604,185.0976997,14,-0.720930999,2.360432151
1.948497986,5.802085611,188.3880048,10,-1.197012352,0.616032888
0.158171527,2.484569936,140.1957124,14,-0.480975356,1.080408139
3.724643966,1.427238556,150.8908858,12,-0.421177926,1.002225486
0.125879837,4.573317816,95.62688169,10,-0.240591715,0.801741025
0.214016513,0.586839212,153.6872095,13,1.058303186,1.063156996
0.45667761,5.966518981,77.36216948,14,-0.848761159,1.252954741
2.301396558,1.353386505,195.0220731,8,1.526209326,1.224042878
1.171398309,3.19584644,191.9772366,9,0.332043116,1.325699084
0.403843981,4.249608318,165.6369655,12,0.224423857,0.941138596
1.220978957,1.169157963,145.2434117,11,0.659431797,1.173667142
1.209205004,1.590133277,154.3460728,13,-1.715390611,1.979109801
4.648104954,0.615752138,159.1482353,10,1.256811544,1.412208681
1.15568141,2.842601344,112.2765285,9,-0.732287724,1.535407637
0.160762533,0.622876816,113.4167743,9,0.95162409,1.120342423
0.669893041,9.140645269,138.9644179,12,-1.905501758,1.871636298
0.056874482,7.789207714,191.0904491,8,1.908615238,1.672609712
0.122259392,1.49386889,81.74776271,6,-0.039960666,0.942364039
0.927850876,0.299337862,134.5442858,15,0.667654104,1.978026662
0.159881601,0.570248104,79.80122058,9,-0.193099889,1.286136589
0.086453892,1.588879002,137.8111033,10,-0.107013023,1.971823724
2.981258674,1.68292068,135.5320649,6,-0.710478758,1.542785559
0.939981075,7.589681143,124.5665908,11,1.158031045,1.037067865
1.415209655,2.477317998,115.3173576,11,-0.208985154,0.957898488
1.02299621,0.283471227,166.958744,8,-0.977278193,1.669168232
0.367720158,9.349961043,175.5229814,17,1.985782012,1.34357783
0.757589176,2.191526354,80.60915587,14,-0.652074089,1.527845663
0.219355399,2.883661906,173.3116165,9,0.904841221,0.544783126
0.103831931,2.908859944,175.0304845,15,0.901858412,1.670855113
2.299908644,7.117109187,127.6541941,17,1.451439242,2.112530109
0.564822703,4.197747264,121.2926696,8,-1.539021336,1.54175093
0.547048703,4.018750475,177.0811886,8,-1.287661135,0.655152583
0.082953495,2.323390979,129.5768878,13,-1.469729709,1.177778113
0.567503752,2.310129274,167.2222968,13,-1.927649328,1.353529686
1.134054082,0.96305967,157.8031682,14,1.294322669,0.999084035
0.914305504,1.160248283,165.9402505,9,0.922977642,1.274612161
0.410457804,0.834146683,151.4017803,11,0.472069205,1.478460375
1.855845985,3.297743632,120.0834535,6,1.79740946,0.981343625
0.368533624,2.270850962,185.5702127,11,1.16616139,1.273967721
0.157685461,0.119884089,150.1282881,16,-1.31806679,1.34280488
0.754597638,3.62722274,141.3775408,8,0.716645274,1.597504326
1.399801296,5.317875165,91.52708542,9,-1.350144735,1.060192408
2.148494117,5.814998789,152.8219418,17,0.88179061,1.282087569
0.787974699,2.103870765,159.7836905,10,-1.741107391,0.997394865
0.198321826,1.6406467,174.9973754,6,0.721255396,1.273708627
